INSERT INTO Account (name, password, admin) VALUES ('jäbä', '1234', FALSE);
INSERT INTO Account (name, password, admin) VALUES ('admin', 'admin', TRUE);

INSERT INTO Review (heading, lead, content, time_added, score, image, account_id) VALUES (
	'Kirves', 
	'Oli tylsä, osui polveen', 
	'Löysin mökiltä kirveen, mutta pahaksi onneksi se olikin tylsä. Halkoa hakatessa se sitten kimposi polveen. Kirottua! Tuli sairaalakeikka, ja nyt kävelen sauvoilla. Surkea laite, en suosittele. 0/5', 
	'2017.02.12.13.14.15',
	0, 
	'http://lorempixel.com/400/200',
	1);

INSERT INTO Review (heading, lead, content, time_added, score, image, account_id) VALUES (
	'Lorem ipsum', 
	'Has ut falli nemore. Sit an erat modus. Mei ne modo primis. His quod populo an, esse eius molestie et nec.', 
	'Et mea sale partem persecuti, cum id dictas aliquam. At labore torquatos vim, duo tale hinc aliquid ad. Nisl senserit per at, odio dicam usu an, at usu esse duis facer. Te nec nisl inani intellegebat, eos ne modus sadipscing.

Vim quis liber consequuntur in, ea nam mutat nostrud comprehensam, qui an atqui putent discere. In sed alterum fuisset, decore epicurei ea eum. Mea accumsan vivendum dignissim at, cu quodsi dolores assentior vis. Te diam ancillae signiferumque quo, vis persius offendit assentior at.', 
	'2016.02.12.13.14.15',
	3, 
	'http://lorempixel.com/200/300',
	1);

INSERT INTO Review (heading, lead, content, time_added, score, image, account_id) VALUES (
	'Lorem ipsum 2', 
	'Ferri nulla placerat sit et', 
	'Et mea sale partem persecuti, cum id dictas aliquam. At labore torquatos vim, duo tale hinc aliquid ad. Nisl senserit per at, odio dicam usu an, at usu esse duis facer. Te nec nisl inani intellegebat, eos ne modus sadipscing.

Vim quis liber consequuntur in, ea nam mutat nostrud comprehensam, qui an atqui putent discere. In sed alterum fuisset, decore epicurei ea eum. Mea accumsan vivendum dignissim at, cu quodsi dolores assentior vis. Te diam ancillae signiferumque quo, vis persius offendit assentior at.', 
	'2016.01.12.13.14.15',
	5,
	'http://lorempixel.com/200/200',
	1);

INSERT INTO Review (heading, lead, content, time_added, score, image, account_id) VALUES (
	'Lorem ipsum 3', 
	'Pro tale rebum detraxit an. Ne civibus consetetur vim. Id primis omittam mei, nullam sensibus ius ei.', 
	'Et mea sale partem persecuti, cum id dictas aliquam. At labore torquatos vim, duo tale hinc aliquid ad. Nisl senserit per at, odio dicam usu an, at usu esse duis facer. Te nec nisl inani intellegebat, eos ne modus sadipscing.

Vim quis liber consequuntur in, ea nam mutat nostrud comprehensam, qui an atqui putent discere. In sed alterum fuisset, decore epicurei ea eum. Mea accumsan vivendum dignissim at, cu quodsi dolores assentior vis. Te diam ancillae signiferumque quo, vis persius offendit assentior at.', 
	'2016.01.11.13.14.15',
	0, 
	'http://lorempixel.com/300/900', 
	1);

INSERT INTO Review (heading, lead, content, time_added, score, image, account_id) VALUES (
	'Lorem ipsum 4', 
	'Ferri nulla placerat sit et', 
	'Et mea sale partem persecuti, cum id dictas aliquam. At labore torquatos vim, duo tale hinc aliquid ad. Nisl senserit per at, odio dicam usu an, at usu esse duis facer. Te nec nisl inani intellegebat, eos ne modus sadipscing.

Vim quis liber consequuntur in, ea nam mutat nostrud comprehensam, qui an atqui putent discere. In sed alterum fuisset, decore epicurei ea eum. Mea accumsan vivendum dignissim at, cu quodsi dolores assentior vis. Te diam ancillae signiferumque quo, vis persius offendit assentior at.', 
	'2016.01.11.12.14.15', 
	1, 
	'http://lorempixel.com/600/550',
	2);

INSERT INTO Review (heading, lead, content, time_added, score, image, account_id) VALUES (
	'Lorem ipsum 5', 
	'Id primis omittam mei, nullam sensibus ius ei.', 
	'Et mea sale partem persecuti, cum id dictas aliquam. At labore torquatos vim, duo tale hinc aliquid ad. Nisl senserit per at, odio dicam usu an, at usu esse duis facer. Te nec nisl inani intellegebat, eos ne modus sadipscing.

Vim quis liber consequuntur in, ea nam mutat nostrud comprehensam, qui an atqui putent discere. In sed alterum fuisset, decore epicurei ea eum. Mea accumsan vivendum dignissim at, cu quodsi dolores assentior vis. Te diam ancillae signiferumque quo, vis persius offendit assentior at.', 
	'2016.01.11.12.13.15', 
	2,
	'http://lorempixel.com/400/300',
	2);

INSERT INTO Review (heading, lead, content, time_added, score, image, account_id) VALUES (
	'Lorem ipsum 6', 
	'Ferri nulla placerat sit et', 
	'Et mea sale partem persecuti, cum id dictas aliquam. At labore torquatos vim, duo tale hinc aliquid ad. Nisl senserit per at, odio dicam usu an, at usu esse duis facer. Te nec nisl inani intellegebat, eos ne modus sadipscing.

Vim quis liber consequuntur in, ea nam mutat nostrud comprehensam, qui an atqui putent discere. In sed alterum fuisset, decore epicurei ea eum. Mea accumsan vivendum dignissim at, cu quodsi dolores assentior vis. Te diam ancillae signiferumque quo, vis persius offendit assentior at.', 
	'2016.01.11.12.13.14', 
	4, 
	'http://lorempixel.com/800/700', 
	2);

INSERT INTO Review (heading, lead, content, time_added, score, account_id) VALUES (
	'Lorem ipsum 7', 
	'Est atqui dicit menandri cu, et dicam aliquid nominavi usu, magna torquatos percipitur ei sit. Oratio referrentur cum ut. Oratio persius has ei, appareat invenire delicatissimi mei ut.', 
	'Et mea sale partem persecuti, cum id dictas aliquam. At labore torquatos vim, duo tale hinc aliquid ad. Nisl senserit per at, odio dicam usu an, at usu esse duis facer. Te nec nisl inani intellegebat, eos ne modus sadipscing.

Vim quis liber consequuntur in, ea nam mutat nostrud comprehensam, qui an atqui putent discere. In sed alterum fuisset, decore epicurei ea eum. Mea accumsan vivendum dignissim at, cu quodsi dolores assentior vis. Te diam ancillae signiferumque quo, vis persius offendit assentior at.', 
	'2016.01.11.12.13.13', 
	5,
	2);

INSERT INTO Review (heading, lead, content, time_added, score, image, account_id) VALUES (
	'Lorem ipsum 8', 
	'Ferri nulla placerat sit et', 
	'Et mea sale partem persecuti, cum id dictas aliquam. At labore torquatos vim, duo tale hinc aliquid ad. Nisl senserit per at, odio dicam usu an, at usu esse duis facer. Te nec nisl inani intellegebat, eos ne modus sadipscing.

Vim quis liber consequuntur in, ea nam mutat nostrud comprehensam, qui an atqui putent discere. In sed alterum fuisset, decore epicurei ea eum. Mea accumsan vivendum dignissim at, cu quodsi dolores assentior vis. Te diam ancillae signiferumque quo, vis persius offendit assentior at.', 
	'2015.02.12.13.14.15', 
	3,
	'http://lorempixel.com/333/444',
	2);

INSERT INTO Review (heading, lead, content, time_added, score, image, account_id) VALUES (
	'Lorem ipsum 9', 
	'Est atqui dicit menandri cu, et dicam aliquid nominavi usu, magna torquatos percipitur ei sit. Oratio referrentur cum ut. Oratio persius has ei, appareat invenire delicatissimi mei ut.', 
	'Et mea sale partem persecuti, cum id dictas aliquam. At labore torquatos vim, duo tale hinc aliquid ad. Nisl senserit per at, odio dicam usu an, at usu esse duis facer. Te nec nisl inani intellegebat, eos ne modus sadipscing.

Vim quis liber consequuntur in, ea nam mutat nostrud comprehensam, qui an atqui putent discere. In sed alterum fuisset, decore epicurei ea eum. Mea accumsan vivendum dignissim at, cu quodsi dolores assentior vis. Te diam ancillae signiferumque quo, vis persius offendit assentior at.', 
	'2015.01.13.14.15.16',
	0, 
	'http://lorempixel.com/300/150', 
	2);

INSERT INTO Review (heading, lead, content, time_added, score, image, account_id) VALUES (
	'Lorem ipsum 10', 
	'Has ut falli nemore. Sit an erat modus. Mei ne modo primis. His quod populo an, esse eius molestie et nec. Est aeque virtute ex', 
	'Et mea sale partem persecuti, cum id dictas aliquam. At labore torquatos vim, duo tale hinc aliquid ad. Nisl senserit per at, odio dicam usu an, at usu esse duis facer. Te nec nisl inani intellegebat, eos ne modus sadipscing.

Vim quis liber consequuntur in, ea nam mutat nostrud comprehensam, qui an atqui putent discere. In sed alterum fuisset, decore epicurei ea eum. Mea accumsan vivendum dignissim at, cu quodsi dolores assentior vis. Te diam ancillae signiferumque quo, vis persius offendit assentior at.', 
	'2015.01.12.19.19.19', 
	2, 
	'http://lorempixel.com/1500/1500', 
	2);


INSERT INTO Rating (grade, account_id, review_id) VALUES (3, 2, 1);

INSERT INTO Tag (name) VALUES ('kirves');
INSERT INTO Tag (name) VALUES ('polvi');
INSERT INTO Tag (name) VALUES ('murhe');

INSERT INTO Tag (name) VALUES ('lorem');
INSERT INTO Tag (name) VALUES ('ipsum');
INSERT INTO Tag (name) VALUES ('ferri');
INSERT INTO Tag (name) VALUES ('nulla');
INSERT INTO Tag (name) VALUES ('placerat');

INSERT INTO Reviewtag (review_id, tag_name) VALUES (1, 'kirves');
INSERT INTO Reviewtag (review_id, tag_name) VALUES (1, 'polvi');
INSERT INTO Reviewtag (review_id, tag_name) VALUES (1, 'murhe');
INSERT INTO Reviewtag (review_id, tag_name) VALUES (2, 'placerat');
INSERT INTO Reviewtag (review_id, tag_name) VALUES (3, 'placerat');
INSERT INTO Reviewtag (review_id, tag_name) VALUES (4, 'placerat');
INSERT INTO Reviewtag (review_id, tag_name) VALUES (5, 'placerat');
INSERT INTO Reviewtag (review_id, tag_name) VALUES (6, 'placerat');
INSERT INTO Reviewtag (review_id, tag_name) VALUES (7, 'placerat');
INSERT INTO Reviewtag (review_id, tag_name) VALUES (8, 'placerat');
INSERT INTO Reviewtag (review_id, tag_name) VALUES (9, 'placerat');
INSERT INTO Reviewtag (review_id, tag_name) VALUES (10, 'placerat');
INSERT INTO Reviewtag (review_id, tag_name) VALUES (10, 'lorem');
INSERT INTO Reviewtag (review_id, tag_name) VALUES (1, 'lorem');
INSERT INTO Reviewtag (review_id, tag_name) VALUES (4, 'lorem');
INSERT INTO Reviewtag (review_id, tag_name) VALUES (7, 'lorem');
INSERT INTO Reviewtag (review_id, tag_name) VALUES (5, 'lorem');
INSERT INTO Reviewtag (review_id, tag_name) VALUES (6, 'lorem');
INSERT INTO Reviewtag (review_id, tag_name) VALUES (9, 'lorem');
INSERT INTO Reviewtag (review_id, tag_name) VALUES (1, 'ferri');
INSERT INTO Reviewtag (review_id, tag_name) VALUES (7, 'ferri');
INSERT INTO Reviewtag (review_id, tag_name) VALUES (2, 'ferri');
INSERT INTO Reviewtag (review_id, tag_name) VALUES (5, 'ipsum');
INSERT INTO Reviewtag (review_id, tag_name) VALUES (6, 'ipsum');
INSERT INTO Reviewtag (review_id, tag_name) VALUES (2, 'ipsum');
INSERT INTO Reviewtag (review_id, tag_name) VALUES (3, 'ipsum');
INSERT INTO Reviewtag (review_id, tag_name) VALUES (9, 'ipsum');